classe_ataque,grayhole,high_StNum,injection,inverse_replay,masquerade_fake_fault,masquerade_fake_normal,normal,poisoned_high_rate,random_replay
grayhole,19999,17976,19999,19999,19999,19999,19999,7444,19999
high_StNum,20000,20000,20000,20000,20000,20000,20000,20000,20000
injection,20000,16204,20000,20000,20000,20000,20000,20000,20000
inverse_replay,20000,9032,20000,20000,20000,20000,20000,20000,20000
masquerade_fake_fault,20000,16591,20000,20000,20000,20000,20000,19910,20000
masquerade_fake_normal,20000,20000,20000,20000,20000,20000,20000,18841,20000
normal,39999,36030,39999,39999,39999,39999,39999,35008,39999
poisoned_high_rate,20000,19802,20000,20000,20000,20000,20000,20000,20000
random_replay,20000,17676,20000,20000,20000,20000,20000,20000,20000
