regra,latencia_media_segundos,latencia_std_segundos,num_chamadas
rule_random_replay_flood,1.2674424284079864e-06,1.887196923031986e-06,200052
rule_poisoned_high_rate_injection,1.248700735455401e-06,5.848776589800096e-06,200052
rule_poisoned_high_rate_injection_forged_packets,1.2268185716365967e-06,9.494541714034029e-06,200052
rule_masquerade_fake_normal_combined,1.1883257729357124e-06,7.84468573309723e-06,200052
rule_random_replay_sqnum_reset_pattern,1.1494392544821598e-06,5.098378461739884e-06,200052
rule_poisoned_high_rate_sqnum_reset_pattern,1.1355645015218094e-06,2.7429209313189433e-06,200052
rule_random_replay_jumps_stnum_time_diff,1.1141890571941796e-06,2.4901482593759127e-06,200052
rule_random_replay_replay,1.081200306880022e-06,1.8401401297995842e-06,200052
rule_inverse_replay_combined,1.0793835902130465e-06,3.011963542396989e-06,200052
rule_random_replay_go_id_alterado,1.0447105819708125e-06,1.9490622456178642e-06,200052
rule_poisoned_high_rate_combination,1.0428463583764598e-06,2.348399625811083e-06,200052
rule_high_StNum_falsification_sqnum,9.464886751275082e-07,4.766490526957192e-06,200052
rule_poisoned_high_rate_reset_pattern,9.347050998688061e-07,2.511629106575085e-06,200052
rule_masquerade_fake_normal_diferenca_significativa_goose_length_diff_apdu_size_diff_frame_length_diff,9.310800482778517e-07,8.318788033353958e-06,200052
rule_random_replay_falsification_state,8.964830487280715e-07,7.492030607000127e-06,200052
rule_masquerade_fake_normal_desvio_significativo_tráfego_normal,8.947477212258604e-07,7.140705694406566e-06,200052
rule_poisoned_high_rate_falsification,8.834566123253801e-07,3.557711205885955e-06,200052
rule_random_replay_grayhole_desaparecimento,8.573122548876656e-07,1.1380392404779548e-05,200052
rule_poisoned_high_rate_jumps_stnum_time_diff,8.378781525602209e-07,4.762752656264515e-06,200052
rule_random_replay_falsification,8.279742904746237e-07,3.305055212275247e-06,200052
rule_masquerade_fake_fault_combined,7.981528925753139e-07,6.868864511143084e-07,200052
rule_inverse_replay_cbstatus_diff,7.805787962021594e-07,2.4702237622960055e-06,200052
rule_grayhole_sqnum_stnum_diff,7.678523376224402e-07,7.362237730414028e-06,200052
rule_grayhole_eth_src_dst_diff,7.62267790334838e-07,1.3609988324466534e-06,200052
rule_random_replay_masquerade_falsificacao,7.557036209993433e-07,6.727635330629957e-06,200052
rule_grayhole_delay_replay,7.540587744719731e-07,1.2612012507321012e-05,200052
rule_masquerade_fake_normal_repeticao_exata_pacotes_antigos,7.538437861310938e-07,1.596612778257016e-06,200052
rule_masquerade_fake_normal_large_sqdiff,7.483929729990003e-07,1.1799550969364987e-05,200052
rule_random_replay_apdu_size_diff_desvio,7.464283571597846e-07,8.140356500782394e-06,200052
rule_masquerade_fake_normal_diferenca_significativa_goose_length_diff_apdu_size_diff,7.368428101001313e-07,1.7053043937404819e-06,200052
rule_inverse_replay_stnum,7.314563526789287e-07,2.8548159000821582e-06,200052
rule_masquerade_fake_normal_mudancas_anomalias_cb_status_go_id,7.295329693938578e-07,5.031934243254978e-06,200052
rule_masquerade_fake_normal_diferenca_significativa_delay_time_from_last_change,7.257121959724358e-07,7.710684867509212e-07,200052
rule_masquerade_fake_normal_diferenca_significativa_frame_length_diff_timestamp_diff,7.162830502229101e-07,3.78023366731153e-06,200052
rule_random_replay_cb_status_diff_desvio,7.134947082074286e-07,6.3142177625454285e-06,200052
rule_masquerade_fake_normal_frequencia_anomalia_cb_status_go_id,7.0902722693344e-07,2.9979616141741858e-06,200052
rule_inverse_replay_stdiff_sqdiff,7.078041034956958e-07,4.153069449201478e-06,200052
rule_random_replay_st_num_incremento_anomalo,7.04384949262969e-07,4.463664877578364e-06,200052
rule_masquerade_fake_fault_stdiff,7.026876619544931e-07,5.244471372048139e-06,200052
rule_poisoned_high_rate_statistical_anomaly,7.004506165273013e-07,2.3645366319194216e-06,200052
rule_masquerade_fake_normal_zero_timestampdiff,6.993301785474873e-07,2.9851971770817735e-06,200052
rule_masquerade_fake_normal_large_stdiff,6.97006989516649e-07,5.952026728820963e-06,200052
rule_random_replay_replay_consistente,6.967586615200847e-07,9.517157088972485e-06,200052
rule_masquerade_fake_normal_mudancas_anomalias_estado_disjuntor,6.9627522755191e-07,7.727675601809471e-06,200052
rule_poisoned_high_rate_stnum,6.941710855091082e-07,2.369066061429151e-06,200052
rule_inverse_replay_frame_length_diff,6.891541649251003e-07,7.151108723072874e-06,200052
rule_grayhole_frame_length_diff_injection,6.87344657521643e-07,5.11243169374493e-06,200052
rule_poisoned_high_rate_frequency,6.87098689859593e-07,1.3780663191455566e-06,200052
rule_poisoned_high_rate_flood,6.825692449878053e-07,5.471267053295556e-06,200052
rule_random_replay_sq_num_incremento_anomalo,6.824468046750185e-07,3.0224007277855873e-06,200052
rule_grayhole_goose_length_diff_injection,6.816264925181492e-07,2.750848792755044e-06,200052
rule_grayhole_frame_length_diff_time_diff,6.761951391320403e-07,4.361529022974539e-06,200052
rule_grayhole_cb_status_reset,6.740887657239207e-07,6.8278519727523865e-06,200052
rule_masquerade_fake_fault_sqdiff,6.73959262865534e-07,5.19454870705173e-06,200052
rule_random_replay_timestamp_diff_desvio,6.735424178193624e-07,6.702255059375483e-06,200052
rule_grayhole_cbstatus_falsification,6.730217437774739e-07,4.0334585689188385e-06,200052
rule_grayhole_jumps_apdu_size_diff,6.649443566552588e-07,2.3810876115153556e-06,200052
rule_random_replay_replay_exato,6.502976659796626e-07,1.054807542820531e-06,200052
rule_inverse_replay_sqnum,6.494136283461042e-07,9.235875121127337e-06,200052
rule_random_replay_goose_length_diff_desvio,6.472396187231849e-07,1.3349687486164524e-06,200052
rule_poisoned_high_rate_falsification_state,6.363788396967553e-07,2.501534796127289e-06,200052
rule_inverse_replay_pattern_alternance,6.333637861277207e-07,1.0093098188392886e-06,200052
rule_masquerade_fake_normal_frequencia_anomalia_estado_disjuntor,6.322551468835744e-07,4.932957111846728e-06,200052
rule_masquerade_fake_fault_replay,6.311774535362639e-07,1.156951077359687e-06,200052
rule_high_StNum_injection,6.306486172736089e-07,8.079543789832774e-07,200052
rule_masquerade_fake_fault_timestampdiff,6.25963138622989e-07,4.055430008481699e-06,200052
rule_inverse_replay_padrao_alternancia,6.245267032984387e-07,8.948973045541251e-07,200052
rule_inverse_replay_timestamp_diff_muito_grande,6.210826076196912e-07,3.9906079490749975e-06,200052
rule_random_replay_flood_rajada,6.200356353369179e-07,4.467107803909846e-06,200052
rule_grayhole_timefromlastchange_replay,6.190841531238383e-07,6.902749834726892e-07,200052
rule_masquerade_fake_normal_rajada_pacotes_intervalo_curto,6.175534025276816e-07,5.026196156305128e-06,200052
rule_masquerade_fake_fault_estatistica2,6.109489584507296e-07,8.66431628529267e-07,200052
rule_masquerade_fake_fault_sqnum_reset_pattern,6.064497208579872e-07,8.672902457698692e-07,200052
rule_masquerade_fake_normal_frequencia_anomalia_go_id,6.024789889852319e-07,2.0705448014563836e-06,200052
rule_masquerade_fake_normal_pacotes_desaparecem_reaparecem_sq_num,6.00429604068134e-07,4.973399148252642e-07,200052
rule_injection_valores_que_nunca_aparecem_no_trafego_normal,5.990719338343728e-07,1.1608712817989883e-06,200052
rule_masquerade_fake_normal_unusual_delay,5.95320913362875e-07,6.523254452335807e-06,200052
rule_masquerade_fake_normal_falsification_cb_status,5.90744855992002e-07,3.7338184803566816e-06,200052
rule_inverse_replay_replay,5.873595554550446e-07,7.688051107071048e-07,200052
rule_masquerade_fake_fault_rapid_packets,5.872749426786632e-07,1.4663776681100852e-06,200052
rule_masquerade_fake_fault_packet_reappearance,5.857924834815699e-07,8.882715327597652e-07,200052
rule_high_StNum_replay_pattern,5.850004467572029e-07,9.284005110761884e-07,200052
rule_random_replay_frame_length_diff_desvio,5.820920698990309e-07,9.403886621155299e-07,200052
rule_masquerade_fake_normal_high_stnum,5.820746098211655e-07,7.13702024116875e-07,200052
rule_masquerade_fake_normal_mudancas_anomalias_go_id,5.817971513528764e-07,4.825196896325456e-07,200052
rule_injection_combined,5.791391635797858e-07,1.011300375626077e-06,200052
rule_masquerade_fake_normal_frequencia_anomalia_t_diff,5.743234806234677e-07,3.0540204243248514e-06,200052
rule_masquerade_fake_fault_time_anomaly_sequence,5.739941865491159e-07,2.957854950023045e-06,200052
rule_poisoned_high_rate_pattern_specific,5.725320707697735e-07,1.092670194686989e-06,200052
rule_masquerade_fake_fault_time_anomaly,5.722585432524065e-07,3.7072528029624786e-06,200052
rule_poisoned_high_rate_replay,5.700937679021535e-07,5.473603923445339e-07,200052
rule_injection_incrementos_anomais_em_sequencia,5.693424369622309e-07,1.0833815667177663e-06,200052
rule_masquerade_fake_normal_mudancas_anomalias_t_diff,5.690480816015716e-07,4.080852546290526e-06,200052
rule_high_StNum_injection_forged_packets,5.62095746544942e-07,9.476252999396376e-07,200052
rule_inverse_replay_deviation,5.590104896521648e-07,3.5595877198370034e-06,200052
rule_inverse_replay_tdiff,5.580259912065753e-07,5.30998312534797e-06,200052
rule_masquerade_fake_normal_replay,5.536076130538074e-07,9.535780964107336e-07,200052
rule_inverse_replay_alternancia,5.474106158474606e-07,6.208107813154865e-07,200052
rule_grayhole_sqnum_reset_pattern,5.472923864007619e-07,1.0654875012450978e-06,200052
rule_masquerade_fake_fault_estatistica,5.439907385907231e-07,1.062518743631225e-06,200052
rule_high_StNum_falsification_frame,5.433855558552501e-07,4.276484470435211e-06,200052
rule_high_StNum_masquerade_pattern,5.432229229434004e-07,1.1564371965357527e-06,200052
rule_grayhole_injection_forged_packets,5.42238775616994e-07,1.8716131676012282e-06,200052
rule_injection_replay_pattern,5.338821656198617e-07,6.396871654603103e-07,200052
rule_inverse_replay_falsification,5.336385628568027e-07,1.1224032637827884e-06,200052
rule_masquerade_fake_fault_tdiff,5.317380637935832e-07,5.191463574580114e-07,200052
rule_injection_sqnum_reset_pattern,5.289034945681263e-07,4.829502004577598e-07,200052
rule_injection_replay_exata_de_pacotes_antigos,5.25639276948618e-07,9.531803061885246e-07,200052
rule_injection_sqnum_time_diff,5.212469086931077e-07,1.0415704583856328e-06,200052
rule_masquerade_fake_fault_packet_disappearance,5.208531760016938e-07,1.0871253864104858e-06,200052
rule_grayhole_tdif_replay,5.206083351561705e-07,7.046848374644799e-07,200052
rule_inverse_replay_anomalous_frequency,5.17757276786133e-07,8.259436405325356e-07,200052
rule_random_replay_st_num_alto_sq_diff_baixo_timestamp_diff_pequeno,5.173061653864077e-07,9.738785249516616e-07,200052
rule_injection_jumps_stnum_time_diff,5.158979450559609e-07,1.7145400059992763e-06,200052
rule_inverse_replay_jumps_stnum_time_diff,5.146070976236215e-07,1.0774201749431862e-06,200052
rule_grayhole_replay,5.120222501513058e-07,9.903041106665026e-07,200052
rule_masquerade_fake_fault_falsification_consistente,5.113076458451232e-07,8.316400228161446e-07,200052
rule_injection_jumps_stnum,5.104385682110082e-07,1.262245002275321e-06,200052
rule_injection_falsificacao_consistente_de_eth_src_dst_cb_status,5.091665059641098e-07,1.0159860994679948e-06,200052
rule_masquerade_fake_fault_packet_reappearance_sequence,5.06447057303946e-07,6.618883388950224e-07,200052
rule_masquerade_fake_fault_combination_anomaly_sequence,5.0642753985643e-07,5.729783062506577e-07,200052
rule_random_replay_combined,5.055117679990944e-07,1.9319994094384155e-06,200052
rule_masquerade_fake_fault_falsification,5.046914048873903e-07,1.1234185187523552e-06,200052
rule_inverse_replay_retransmissao_exata,5.040681623545587e-07,8.837818898010854e-07,200052
rule_grayhole_cbstatus_change_sense_sequence,5.02580659810853e-07,1.0244002294391283e-06,200052
rule_grayhole_cbstatus_jumps,5.021658312268014e-07,1.0226359852534203e-06,200052
rule_grayhole_ethsrc_ethdst_jumps,5.017022571510016e-07,1.070094757926655e-06,200052
rule_masquerade_fake_fault_sequence_jump,5.0144800914644e-07,8.879151392198743e-07,200052
rule_high_StNum_cb_status_go_id_apdu_size_diff,5.006051063308522e-07,1.103398548267489e-06,200052
rule_masquerade_fake_fault_combination_anomaly,4.988882395179818e-07,5.461867949129111e-07,200052
rule_masquerade_fake_normal_ethsrc_ethdst_cbstatus,4.987351775498671e-07,9.220641985738256e-07,200052
rule_grayhole_sqnum_stnum_jumps,4.974012647896236e-07,8.866544037140818e-07,200052
rule_masquerade_fake_fault_ethsrc_ethdst_injection,4.95790679105702e-07,3.1160482030978483e-06,200052
rule_inverse_replay_combination,4.954977894785062e-07,1.0596891319822235e-06,200052
rule_injection_desvio_significativo_em_relacao_a_media_mediana_do_trafego_normal,4.952080924208492e-07,5.626589971692648e-07,200052
rule_masquerade_fake_normal_sqnum_reset_pattern,4.950574144279646e-07,1.1474583571774081e-06,200052
rule_masquerade_fake_normal_cbstatus_timestamp_diff,4.939053468618179e-07,1.216101985362664e-06,200052
rule_high_StNum_jumps_stnum_time_diff,4.933516195987922e-07,1.1022951278412208e-06,200052
rule_high_StNum_cb_status_timestamp_diff_frame_length_diff_anomalous,4.888955470704962e-07,4.872788298235371e-07,200052
rule_injection_st_num_alto_sq_diff_baixo_timestamp_diff_pequeno,4.888570825440999e-07,6.084251941781396e-07,200052
rule_inverse_replay_length_diff,4.880662673991593e-07,8.351449732525933e-07,200052
rule_high_StNum_falsification,4.871295228082219e-07,1.0888669193221957e-06,200052
rule_masquerade_fake_normal_injection,4.856032637116336e-07,1.0537390427411273e-06,200052
rule_injection_frequencia_irregular_de_mensagens,4.851826497443679e-07,1.4808607741524743e-06,200052
rule_inverse_replay_combinado,4.84516346902738e-07,5.016400512293033e-07,200052
rule_high_StNum_anomalies_frequency,4.838977770210046e-07,6.649768402045428e-07,200052
rule_grayhole_sqnum_jumps,4.832843501678706e-07,1.0453006584607133e-06,200052
rule_injection_intervalos_entre_mensagens_anomais,4.827526266827971e-07,1.5602017246585097e-06,200052
rule_high_StNum_cb_status_timestamp_diff_delay_anomalous,4.808680597343418e-07,9.416030142563559e-07,200052
rule_high_StNum_sqnum_reset_pattern,4.768915376865813e-07,8.678389573590227e-07,200052
rule_high_StNum_falsification_state,4.7500015066443553e-07,1.0087414778777595e-06,200052
rule_inverse_replay_flood_packets,4.702872017568109e-07,9.8761080668288e-07,200052
rule_injection_st_num_e_sq_num_fora_de_ordem,4.698741821785068e-07,1.0368321725795812e-06,200052
rule_masquerade_fake_fault_state_anomaly,4.6958452264593964e-07,9.634318965777502e-07,200052
rule_inverse_replay_replay_old_packets,4.6857078576329554e-07,8.264464971317588e-07,200052
rule_masquerade_fake_normal_increment_anomalous_sequence,4.650387490591049e-07,5.76043032719273e-07,200052
rule_grayhole_cbstatus_time_diff,4.6458097618761345e-07,1.1389994644255462e-06,200052
rule_injection_pacotes_que_desaparecem_e_reaparecem_com_numeros_de_sequencia_fora_de_ordem,4.6351199845385274e-07,9.395333256465093e-07,200052
rule_inverse_replay_frequencia_irregular_mudanca_estado_disjuntor,4.6285520791789036e-07,9.986891076576038e-07,200052
rule_masquerade_fake_normal_jumps_stnum_time_diff,4.602109103468497e-07,8.424431049900572e-07,200052
rule_injection_cbstatus_falsification,4.5967011387334637e-07,4.221300342755651e-07,200052
rule_masquerade_fake_fault_combination3,4.594529805194094e-07,1.1930278169945958e-06,200052
rule_grayhole_delay_change_sense,4.5937151024880517e-07,1.5093342846954996e-06,200052
rule_grayhole_falsification_state,4.5638779285754416e-07,1.1708868094251512e-06,200052
rule_inverse_replay_frequencia_irregular_mudanca_estado,4.562234214802055e-07,1.0919349912030148e-06,200052
rule_injection_freq_anomalous,4.554983213145655e-07,8.554357941513433e-07,200052
rule_inverse_replay_desvio_significativo,4.5382586058551004e-07,6.368684430259298e-07,200052
rule_injection_falsification_pattern,4.537926530723329e-07,1.0517513632846174e-06,200052
rule_inverse_replay_falsificacao_consistente,4.53664205608234e-07,2.1264408970492555e-06,200052
rule_high_StNum_replay,4.5347135041457707e-07,6.542278216815557e-07,200052
rule_grayhole_different_destinations,4.52721919197102e-07,9.658005207772727e-07,200052
rule_masquerade_fake_fault_falsification_address,4.511944290648011e-07,9.327128743756693e-07,200052
rule_masquerade_fake_fault_combination,4.486097994871431e-07,9.521708187228852e-07,200052
rule_masquerade_fake_fault_jumps_stnum_time_diff,4.483237128577669e-07,1.0565308878163304e-06,200052
rule_masquerade_fake_fault_state_change_anomaly_sequence,4.4624084128519534e-07,4.617351007874034e-06,200052
rule_inverse_replay_pacotes_desaparecidos,4.427958627439214e-07,6.206848621195801e-07,200052
rule_grayhole_delay_change_sense_sequence,4.412903952112194e-07,4.2542594254952863e-07,200052
rule_grayhole_anomalous_frequency,4.405243789496915e-07,1.0496251575371127e-06,200052
rule_masquerade_fake_fault_combination2,4.3914087422369033e-07,8.135887352994708e-07,200052
rule_grayhole_cbstatus_change,4.3742846706816266e-07,8.136660475678071e-07,200052
rule_high_StNum_replay_frequencia,4.3728228393910197e-07,8.830675144214677e-07,200052
rule_random_replay_stnum_sqnum_mismatch,4.3703618137949137e-07,1.3390980271698601e-06,200052
rule_high_StNum_flood_pattern,4.3668661569151646e-07,6.176092868970127e-07,200052
rule_inverse_replay_flood,4.3589172828782194e-07,7.295369814316204e-07,200052
rule_high_StNum_cb_status_go_id_reset,4.348004298086675e-07,1.0498800920429392e-06,200052
rule_poisoned_high_rate_sqnum,4.339940233662493e-07,9.174044784642779e-07,200052
rule_inverse_replay_sqnum_stnum,4.3352870291441325e-07,1.0126886651601374e-06,200052
rule_grayhole_jumps_stnum_diff,4.3261573285467927e-07,5.385799968652076e-07,200052
rule_high_StNum_frame_length_diff_correlated,4.319042822199657e-07,4.973587400587501e-07,200052
rule_masquerade_fake_fault_falsification_disjuntor,4.292051754681838e-07,4.989305686996358e-07,200052
rule_masquerade_fake_normal_reset,4.28277987027349e-07,8.861202364762246e-07,200052
rule_high_StNum_falsification_pattern,4.2805514362224776e-07,8.152219897588175e-07,200052
rule_inverse_replay_grayhole,4.2728866464826627e-07,1.0118721941895606e-06,200052
rule_grayhole_jumps_stnum_time_diff,4.272732201505404e-07,9.497167929290172e-07,200052
rule_poisoned_high_rate_anomaly_statistical,4.271543703350925e-07,8.131402455828435e-07,200052
rule_grayhole_sqnum_stnum_change_sense,4.269374211968861e-07,9.529725406544327e-07,200052
rule_injection_ethsrc_ethdst_outside_topology,4.266390918501095e-07,2.888897168456987e-06,200052
rule_grayhole_falsification,4.261765618301464e-07,5.554045810417313e-07,200052
rule_random_replay_apdu_size_diff_alternancia,4.259430578534476e-07,1.5624234027801892e-06,200052
rule_poisoned_high_rate_less_used,4.257051659871632e-07,4.831189769116452e-07,200052
rule_poisoned_high_rate_combined,4.250618741270837e-07,5.994975702007589e-07,200052
rule_high_StNum_cb_status_frame_length_diff_anomalous,4.249311487163644e-07,1.0767365851244573e-06,200052
rule_inverse_replay_pacotes_timestamp_diff_pequeno,4.239744841674493e-07,6.00383016902699e-07,200052
rule_random_replay_cb_status_diff_anomalia,4.238144556532255e-07,1.159779490491301e-06,200052
rule_injection_cbstatus_diff_outside_expected,4.234561389724605e-07,1.0382149645424828e-06,200052
rule_injection_alternancia_entre_valores_normais_e_anomais,4.2338605443422145e-07,1.052293529442628e-06,200052
rule_grayhole_reset_sequence,4.213472195410975e-07,9.284479448987639e-07,200052
rule_grayhole_goose_length_diff_change_sense,4.2096342707958226e-07,1.0867251263531634e-06,200052
rule_injection_rajada_de_pacotes_em_intervalo_muito_curto,4.2056805199491075e-07,1.1036126346816212e-06,200052
rule_high_StNum_cb_status_timestamp_diff_anomalous,4.1949430040051105e-07,9.027203444148725e-07,200052
rule_grayhole_different_origins,4.187864031108425e-07,1.7893263557003666e-06,200052
rule_poisoned_high_rate_frequency_irregular,4.1795233979524723e-07,5.236386382104462e-07,200052
rule_grayhole_goose_length,4.178052594191939e-07,6.603172855525344e-07,200052
rule_injection_inconsistencias_entre_campos_derivados,4.1714954920028915e-07,9.671397479032487e-07,200052
rule_inverse_replay_inconsistencia,4.1622356710880416e-07,1.1733613065057167e-06,200052
rule_random_replay_sq_num_incremento_anomalia,4.1572483971616927e-07,1.2012194557478494e-06,200052
rule_inverse_replay_inconsistencias_campos_derivados,4.1556628891943324e-07,8.994314856975632e-07,200052
rule_grayhole_ethsrc_dst_change,4.1459503766706747e-07,1.711684167261324e-06,200052
rule_inverse_replay_frequency_irregular,4.131739571237272e-07,8.602086633323518e-07,200052
rule_random_replay_cb_status_alterado_go_id_alterado_delay_anomalo,4.129665518515437e-07,8.118697242047702e-07,200052
rule_inverse_replay_cb_status_diff,4.128368217604167e-07,6.316078625952168e-07,200052
rule_grayhole_cbstatus_change_sense,4.115711373057889e-07,5.647036788968897e-07,200052
rule_masquerade_fake_fault_state_change_anomaly,4.1125882854008396e-07,6.55855099293945e-07,200052
rule_inverse_replay_frequencia_irregular_mudanca_delay,4.10496012040328e-07,1.1381544678522827e-06,200052
rule_high_StNum_temporal_pattern,4.098131777008662e-07,5.351204074959764e-07,200052
rule_grayhole_sqnum_stnum_change_sense_sequence,4.097883908196629e-07,9.24611939721675e-07,200052
rule_masquerade_fake_fault_falsification_disjuntor_consistent_sequence,4.0831948673611476e-07,7.093820586024865e-07,200052
rule_high_StNum_stnum_frame_length_diff_anomalous,4.0634764661243375e-07,9.578704002874827e-07,200052
rule_grayhole_sqnum,4.0401699718093635e-07,5.314523529536915e-07,200052
rule_inverse_replay_inconsistencies,4.037898468557006e-07,8.702136519202682e-07,200052
rule_random_replay_goose_length_diff_anomalia,4.0281676259316834e-07,9.708778581646476e-07,200052
rule_injection_eth_src_dst_anomais,4.0151872654656653e-07,4.053776615035204e-07,200052
rule_masquerade_fake_fault_packet_frequency_anomaly,3.9928844844699136e-07,1.1543671265821313e-06,200052
rule_inverse_replay_cb_status,3.976543191107327e-07,1.1480045237972362e-06,200052
rule_random_replay_cb_status_diff_alternancia,3.9761635149399447e-07,1.0192655720412841e-06,200052
rule_high_StNum_frequencia,3.967035390996487e-07,1.0913801377776591e-06,200052
rule_injection_sqdiff,3.9617824991724906e-07,1.0357829373011951e-06,200052
rule_masquerade_fake_fault_frequencia2,3.954736768486279e-07,4.4166870392316143e-07,200052
rule_injection_cb_status_alterado_go_id_alterado_delay_anomalo,3.951735753301573e-07,8.708300607015987e-07,200052
rule_masquerade_fake_fault_disjuntor_falsification_consistent,3.949108133218876e-07,1.024531852622509e-06,200052
rule_injection_timestamp_diff_anomaly,3.944006732191939e-07,3.886778923838912e-07,200052
rule_random_replay_large_sqdiff,3.9407692935749097e-07,8.726341950090296e-07,200052
rule_injection_ethsrc_falsification,3.9291432545170754e-07,9.834067865027867e-07,200052
rule_inverse_replay_sqnum_reset_pattern,3.9218589937379974e-07,1.3046006847766304e-06,200052
rule_masquerade_fake_normal_falsification,3.919880569711375e-07,9.646678027459577e-07,200052
rule_random_replay_cb_status_diff_incremento_anomalo,3.9193973772149255e-07,1.0429819070010869e-06,200052
rule_random_replay_apdu_size_diff_anomalia,3.9129780765756084e-07,1.100088614953356e-06,200052
rule_high_StNum_temporal,3.911159051347286e-07,8.996938703450806e-07,200052
rule_inverse_replay_mudanca_anomala_gooselengthdiff_apdusize,3.907959012887985e-07,4.594358610414362e-07,200052
rule_inverse_replay_frequencia_irregular,3.905782559133307e-07,1.0699653735678053e-06,200052
rule_grayhole_stnum,3.899716167642918e-07,2.1144576034134163e-06,200052
rule_inverse_replay_eth_src_dst,3.8841502260149734e-07,1.4212234594109733e-06,200052
rule_random_replay_goose_length_diff_alternancia,3.883156779585784e-07,7.653971779989854e-07,200052
rule_masquerade_fake_fault_falsification_disjuntor_consistent,3.87277208241044e-07,9.735597169194325e-07,200052
rule_random_replay_cb_status_alterado,3.868514675390878e-07,1.2801910745097608e-06,200052
rule_random_replay_apdu_size_diff_incremento_anomalo,3.8558234361492386e-07,6.033283586284266e-07,200052
rule_masquerade_fake_normal_frequencia_irregular_mensagens,3.8478232358454495e-07,6.505077899483738e-07,200052
rule_masquerade_fake_fault_frequency_anomaly,3.8430929913266e-07,9.233295382522677e-07,200052
rule_high_StNum_stDiff_and_StNum,3.8426839594823987e-07,5.640499499194093e-07,200052
rule_masquerade_fake_fault_cbstatus_goID_falsification,3.841585048729172e-07,1.0455465813364445e-06,200052
rule_grayhole_timestamp_diff_outlier,3.83934481195994e-07,9.464211403639816e-07,200052
rule_random_replay_large_stdiff,3.8286574780721485e-07,5.514504743558298e-07,200052
rule_masquerade_fake_normal_falsification_eth_src_dst,3.827140557185542e-07,1.468318400883624e-06,200052
rule_grayhole_timestamp_diff_out_of_range,3.818306463551996e-07,4.349783884592841e-07,200052
rule_grayhole_stnum_zero,3.817791418100821e-07,9.032060853966696e-07,200052
rule_random_replay_cb_status_diff_frequencia_irregular,3.8160952251210733e-07,7.610046967291274e-07,200052
rule_injection_stdiff,3.8141784502616395e-07,5.378527118256552e-07,200052
rule_masquerade_fake_fault_packet_frequency_anomaly_sequence,3.803860790518138e-07,8.703688810984395e-07,200052
rule_grayhole_irregular_intervals,3.795088567092472e-07,4.679989205525688e-07,200052
rule_masquerade_fake_fault_grayhole,3.7941103471026844e-07,8.35258239330967e-07,200052
rule_grayhole_suspicious_sqnum,3.778800878961718e-07,8.732803134118131e-07,200052
rule_inverse_replay_rajada_de_pacotes,3.773996376590909e-07,8.208946432850468e-07,200052
rule_random_replay_goose_length_diff_incremento_anomalo,3.7717741909628965e-07,5.284588762096141e-07,200052
rule_masquerade_fake_fault_timestamp_anomaly,3.7707696951359854e-07,9.075075859664099e-07,200052
rule_masquerade_fake_normal_timestamp_diff_outside_normal_range,3.7699548491308355e-07,6.696449031240644e-07,200052
rule_inverse_replay_timestamp_diff,3.7595961284647847e-07,9.519680236914488e-07,200052
rule_grayhole_gooselength_diff,3.75144843009896e-07,9.75419092211272e-07,200052
rule_grayhole_injection,3.751232371142809e-07,8.666416873566347e-07,200052
rule_random_replay_goose_length_diff_frequencia_irregular,3.748167950467593e-07,1.012576400925384e-06,200052
rule_masquerade_fake_normal_anomaly,3.739609716526199e-07,9.191400579061486e-07,200052
rule_random_replay_timestamp_diff_pequeno,3.7109942536094987e-07,3.096988248058627e-07,200052
rule_grayhole_goose_length_diff_change_sense_sequence,3.7105632465380556e-07,5.049445054409621e-07,200052
rule_random_replay_timestamp_diff_alternancia,3.699828329981671e-07,4.7158372806676257e-07,200052
rule_grayhole_apdusize_diff,3.6979531464151495e-07,4.0399151112177865e-07,200052
rule_inverse_replay_go_id,3.697279695348511e-07,4.280415020105293e-07,200052
rule_masquerade_fake_fault_flood,3.6906970609137723e-07,9.703945526301324e-07,200052
rule_random_replay_timestamp_diff_frequencia_irregular,3.6849472742526785e-07,7.299592741962521e-07,200052
rule_injection_timestampdiff,3.678302078846534e-07,9.55940822572979e-07,200052
rule_grayhole_timefromlastchange_change_sense,3.6742450295290393e-07,9.59945567491816e-07,200052
rule_random_replay_st_num_incremento_anomalia,3.673763563259462e-07,1.5932650795460757e-06,200052
rule_grayhole_apdu_size,3.6668449377902546e-07,1.0119962334743495e-06,200052
rule_grayhole_sqdiff_zero,3.663862262345351e-07,3.945059520462835e-06,200052
rule_high_StNum_stDiff,3.6625636455554767e-07,2.9927522070371104e-07,200052
rule_grayhole_frame_length_diff_change_sense,3.660277798207967e-07,1.429864205544838e-06,200052
rule_grayhole_timediff,3.6572513781646577e-07,4.3086234539723025e-07,200052
rule_masquerade_fake_fault_frequencia,3.653915315210038e-07,7.56896173380906e-07,200052
rule_grayhole_tdif_change_sense,3.6444217222600516e-07,9.57946630145513e-07,200052
rule_random_replay_apdu_size_diff_frequencia_irregular,3.6391341378676753e-07,9.488233623132991e-07,200052
rule_random_replay_timestamp_diff_incremento_anomalo,3.63657293473896e-07,7.284880752876725e-07,200052
rule_high_StNum_combined,3.632968390359546e-07,5.266127536322912e-07,200052
rule_grayhole_frame_length_diff,3.627994678929919e-07,9.784731260965674e-07,200052
rule_grayhole_frame_length_diff_change_sense_sequence,3.623568860361989e-07,4.486625659355016e-07,200052
rule_grayhole_delay_outlier,3.6004368550778234e-07,1.7261551844796722e-06,200052
rule_grayhole_timefromlastchange_change_sense_sequence,3.5995989741958153e-07,3.374382515508035e-07,200052
rule_poisoned_high_rate_timefromlastchange,3.5455217759326983e-07,1.726912491835443e-06,200052
rule_high_StNum_timeFromLastChange,3.534872378937807e-07,1.1033970792288355e-06,200052
rule_injection_cb_status_alterado,3.526634662273225e-07,3.342718106980865e-07,200052
rule_grayhole_delay_out_of_range,3.52327053487949e-07,1.2392067842410401e-06,200052
rule_injection_ethdst_falsification,3.511642843426557e-07,3.0110008191555404e-07,200052
rule_inverse_replay_delay,3.5053556398322813e-07,9.991461525124e-07,200052
rule_grayhole_tdif_change_sense_sequence,3.4977177745944573e-07,1.2912154807505718e-06,200052
rule_masquerade_fake_fault_time_diff_anomaly_sequence,3.485562272613152e-07,1.0856819483479933e-06,200052
rule_poisoned_high_rate_tdiff,3.4738980640741456e-07,9.826124111301775e-07,200052
rule_grayhole_delay_anomalous,3.47201712772132e-07,9.83459669199334e-07,200052
rule_grayhole_combined,3.469393308156443e-07,1.0249255321285917e-06,200052
rule_random_replay_delay_anomalia,3.463149477183005e-07,1.0274339661624318e-06,200052
rule_grayhole_delay,3.4300414488654834e-07,8.915167568783652e-07,200052
rule_grayhole_timestampdiff_zero,3.4285413282534603e-07,9.466778544666735e-07,200052
rule_random_replay_timestamp_anomaly,3.414528665023365e-07,6.207646707530776e-07,200052
rule_high_StNum_delay_anomalous,3.4021910787039385e-07,4.827806020237802e-07,200052
rule_masquerade_fake_fault_time_difference_anomaly,3.386895122959563e-07,5.173936641040976e-07,200052
rule_random_replay_frame_length_diff_incremento_anomalo,3.377705558887399e-07,9.790678910794214e-07,200052
rule_high_StNum_StNum,3.3641826523621594e-07,5.552669629810144e-07,200052
rule_high_StNum_frequencia_pattern,3.348202122321649e-07,7.921827728206616e-07,200052
rule_masquerade_fake_fault_time_diff_anomaly,3.3349355983575586e-07,7.387280092916727e-07,200052
rule_grayhole_frame_length_diff_outlier,3.239802812891172e-07,4.5790357066768846e-07,200052
rule_inverse_replay_time_diff,3.236884128499121e-07,1.1862540206313329e-06,200052
rule_masquerade_fake_fault_time_difference_anomaly_sequence,3.2339269766619536e-07,8.796962946897853e-07,200052
rule_random_replay_frame_length_diff_anomalia,3.2219661235135875e-07,5.084482969079803e-07,200052
rule_inverse_replay_pacotes_tdiff_grande,3.1670704446671394e-07,5.185881873337275e-07,200052
rule_grayhole_frame_length_diff_out_of_range,3.142664267547721e-07,1.0331787947977418e-06,200052
rule_inverse_replay_diferenca_de_tempo_pequena,3.129546421772007e-07,3.2160286579889605e-07,200052
rule_random_replay_t_diff_anomalia,3.113620630262868e-07,4.538173133884523e-07,200052
rule_grayhole_tdiff_nonzero,3.080534454695496e-07,9.025185514430394e-07,200052
rule_random_replay_frame_length_diff_alternancia,3.052276792373645e-07,3.320535936881357e-07,200052
rule_injection_timefromlastchange,3.015791964147685e-07,9.978018840178223e-07,200052
rule_inverse_replay_pacotes_frame_length_diff_grande,2.9731007201997034e-07,6.386055472728679e-07,200052
rule_random_replay_frame_length_diff_frequencia_irregular,2.951304069286622e-07,1.0841615961717693e-06,200052
rule_injection_tdiff,2.878530659780019e-07,8.504577848063081e-07,200052
rule_grayhole_frame_length,2.8350530903499634e-07,5.683666616249398e-07,200052
